<?xml version="1.0" encoding="UTF-8"?>
<!DOCTYPE wallpapers SYSTEM "gnome-wp-list.dtd">
<wallpapers>
  <wallpaper>
    <name>Ubuntu</name>
    <name xml:lang="az">Ubuntu</name>
    <name xml:lang="ca">Ubuntu</name>
    <name xml:lang="ca@valencia">Ubuntu</name>
    <name xml:lang="cs">Ubuntu</name>
    <name xml:lang="cy">Ubuntu</name>
    <name xml:lang="de">Ubuntu</name>
    <name xml:lang="en_GB">Ubuntu</name>
    <name xml:lang="es">Ubuntu</name>
    <name xml:lang="fa">اوبونتو</name>
    <name xml:lang="fr">Ubuntu</name>
    <name xml:lang="jbo">lu ubuntus</name>
    <name xml:lang="mr">उबून्टू</name>
    <name xml:lang="ms">Ubuntu</name>
    <name xml:lang="oc">Ubuntu</name>
    <name xml:lang="pl">Ubuntu</name>
    <name xml:lang="pt">Ubuntu</name>
    <name xml:lang="ru">Ubuntu</name>
    <name xml:lang="sl">Ubuntu</name>
    <name xml:lang="sr">Убунту</name>
    <name xml:lang="tr">Ubuntu</name>
    <name xml:lang="ug">ئۇبۇنتۇ</name>
    <name xml:lang="uk">Ubuntu</name>
    <name xml:lang="uz">Ubuntu</name>
    <name xml:lang="zh_CN">Ubuntu</name>
    <filename>/usr/share/backgrounds/warty-final-ubuntu.png</filename>
    <options>zoom</options>
    <pcolor>#2c001e</pcolor>
    <scolor>#2c001e</scolor>
    <shade_type>solid</shade_type>
  </wallpaper>
  <wallpaper>
    <name>Ubuntu Greyscale</name>
    <name xml:lang="bs">Ubuntu Greyscale</name>
    <name xml:lang="ca">Escala de grisos Ubuntu</name>
    <name xml:lang="de">Ubuntu Greyscale</name>
    <name xml:lang="en_AU">Ubuntu Greyscale</name>
    <name xml:lang="en_GB">Ubuntu Greyscale</name>
    <name xml:lang="eo">Ubuntu (grizoskala)</name>
    <name xml:lang="es">Ubuntu, escala de grises</name>
    <name xml:lang="fi">Ubuntu-harmaasävy</name>
    <name xml:lang="fr">Échelle de gris pour Ubuntu</name>
    <name xml:lang="gl">Escala de grises de Ubuntu</name>
    <name xml:lang="hr">Ubuntu sivo</name>
    <name xml:lang="id">Ubuntu Skala Kelabu</name>
    <name xml:lang="it">Scala di grigi Ubuntu</name>
    <name xml:lang="ko">우분투 흑백</name>
    <name xml:lang="ms">Ubuntu Skala-Kelabu</name>
    <name xml:lang="pl">Ubuntu w skali szarości</name>
    <name xml:lang="pt">Escala de cinzentos Ubuntu</name>
    <name xml:lang="ru">Ubuntu в серых тонах</name>
    <name xml:lang="sl">Sivina Ubuntu</name>
    <name xml:lang="sv">Ubuntu gråskala</name>
    <name xml:lang="tr">Ubuntu Gri Tonlama</name>
    <name xml:lang="uk">Відтінки сірого Ubuntu</name>
    <name xml:lang="uz">Ubuntu Greyskeyl</name>
    <filename>/usr/share/backgrounds/ubuntu-default-greyscale-wallpaper.png</filename>
    <options>zoom</options>
    <pcolor>#333333</pcolor>
    <scolor>#333333</scolor>
    <shade_type>solid</shade_type>
  </wallpaper>
</wallpapers>